Method,Method_Info,Method_Det,Yr0,yr1,yr2,yr3,yr4,yr5,yr6,yr7,yr8,yr9,yr10
IUD,IUD - 10 yr,Copper- T 380-A IUD,1,0.839788868,0.705245343,0.592257188,0.497370994,0.417686624,0.350768577,0.294571546,0.247377905,0.207745211,0.167354189
IUD,IUD - 5 yr,LNG-IUS,1,0.890935133,0.793765411,0.707193491,0.630063527,0.561345732,0.500122634,0.445576826,0,0,0
Implant,Implant - 3 yr,Implanon,1,0.890935133,0.793765411,0.707193491,0,0,0,0,0,0,0
Implant,Implant - 5 yr,Jadelle,1,0.890935133,0.793765411,0.707193491,0.630063527,0.561345732,0,0,0,0,0
Implant,Implant- 4 yr,Sino-Implant,1,0.890935133,0.793765411,0.707193491,0.630063527,0,0,0,0,0,0
Sterilization,Sterilization,Tubal Ligation (F),1,1,1,1,1,1,1,1,1,1,0
Sterilization,Sterilization,Vasectomy (M),1,1,1,1,1,1,1,1,1,1,0
