"year","EMUsers","EMUsers_woC","Unadj_EMUusers","Pop","emu_clients_incCon","emu_clients_exCon"
2015,7730312.77698384,6176275.19747868,5918429.13599006,72613367,0.106458536442524,0.0850570005585704
2016,9125797.4514876,7692241.7004965,6987497.14401171,74474600,0.122535702796492,0.103286781003141
2017,10535200.4555518,9051281.08157523,8110342.67102594,76388141,0.137916701697869,0.118490657883339
2018,12068583.0862241,10475828.6999343,9375584.2993843,78350413,0.154033432934477,0.133704830629729
2019,12860588.791266,11560612.5349318,10183230.8028423,80359809.5,0.160037571906713,0.143860626435803
2020,13781419.3979434,12494452.1327554,10996854.0133653,82414760,0.167220281876006,0.151604544292253
