"year","EMU: Commodities to Clients ex. Condoms","EMU: Commodities to Clients inc. Condoms","mCPR (AW): DHS","mCPR (AW): FPET"
2015,8.50570005585704,10.6458536442524,,16.4287762091086
2016,10.3286781003141,12.2535702796492,,16.9190572134558
2017,11.8490657883339,13.7916701697869,16.8828943351543,17.3828943351543
2018,13.3704830629729,15.4033432934477,,17.9574416007358
2019,14.3860626435803,16.0037571906713,,18.5212583283447
2020,15.1604544292253,16.7220281876006,,19.1256604442112
