"year","mCPR_MW","mCPR_AW"
2007,0.142670798134355,0.121456106478163
2012,0.181747400527162,0.153125691946797
2017,0.207164779061859,0.168828943351543
