"State","year","mCPR_MW","mCPR_AW"
"State1",2007,0.234755797937732,0.193395308267085
"State1",2012,0.264075098189221,0.216083952447259
"State1",2017,0.301790530020629,0.243111551754383
"State2",2007,0.126132373723198,0.108535858299572
"State2",2012,0.166933270959202,0.141796918582386
"State2",2017,0.189682860553058,0.155105379801855
