"Variable","MethodMix"
"EC",0.00340124314748399
"FCondom",0.000513420696907257
"FSter",0.0235749888104156
"Implant",0.321035739159678
"Injectable",0.334616671200203
"IUD",0.0435295976625616
"LAM",0.0272734276686386
"MCondom",0.085049625413113
"MSter",0.00223686117032949
"OMM",0.00400558206565378
"Pill",0.15330062434896
"SDM",0.00146221865605505
